<?xml version="1.0" encoding="UTF-8"?>
<beans xmlns="http://www.springframework.org/schema/beans"
       xmlns:xsi="http://www.w3.org/2001/XMLSchema-instance" xmlns:tx="http://www.springframework.org/schema/tx"
       xmlns:context="http://www.springframework.org/schema/context"
       xmlns:aop="http://www.springframework.org/schema/aop" xmlns:util="http://www.springframework.org/schema/util"
       xmlns:jpa="http://www.springframework.org/schema/data/jpa"
       xsi:schemaLocation="http://www.springframework.org/schema/beans 
                            http://www.springframework.org/schema/beans/spring-beans.xsd 
                            http://www.springframework.org/schema/data/jpa 
                            http://www.springframework.org/schema/data/jpa/spring-jpa.xsd 
                            http://www.springframework.org/schema/context  
                            http://www.springframework.org/schema/context/spring-context.xsd
                            http://www.springframework.org/schema/tx 
                            http://www.springframework.org/schema/tx/spring-tx.xsd">

    <!-- Se escanean todas la clases anotadas con @Repository -->
    <jpa:repositories base-package="mx.com.tsys.ecd.repository"/>

     <!--Declaramos nuestro Bean DataSource en base a JNDI--> 
<!--    <bean id="dataSource" class="org.springframework.jndi.JndiObjectFactoryBean">
        <property name="jndiName" value="jdbc/ECDDs"/>
    </bean>-->
 

  <bean id="dataSource" class="com.mchange.v2.c3p0.ComboPooledDataSource" destroy-method="close">
        <property name="driverClass" value="org.hibernate.dialect.OracleDialect"/>
        <property name="jdbcUrl" value="jdbc:oracle:thin:@192.168.200.9:1521:xe"/>
        <property name="user" value="DBECD"/>
        <property name="password" value="tsys.2015"/>
        <property name="minPoolSize" value="2"/>
        <property name="acquireIncrement" value="2"/>
        <property name="maxPoolSize" value="32"/>
        <!--Seconds a Connection can remain pooled but unused before being discarded. Zero means idle connections never expire-->
        <property name="maxIdleTime" value="300"/>
        <!--If this is a number greater than 0, c3p0 will test all idle, pooled but unchecked-out connections, every this number of seconds.-->
        <property name="idleConnectionTestPeriod" value="300"/>
    </bean> 
 
   

    <bean id="jpaVendorAdapter" class="org.springframework.orm.jpa.vendor.HibernateJpaVendorAdapter">
        <property name="showSql" value="true"/>
        <property name="generateDdl" value="true"/>
        <property name="database" value="ORACLE"/>
        <!--<property name="database" value="MYSQL"/>-->
    </bean>
    
    <bean id="entityManagerFactory" class="org.springframework.orm.jpa.LocalContainerEntityManagerFactoryBean">
        <property name="dataSource" ref="dataSource"/>
        <property name="jpaVendorAdapter" ref="jpaVendorAdapter"/>
        <!-- spring based scanning for entity classes-->
        <property name="packagesToScan" value="mx.com.tsys.ecd.entity"/>
    </bean>    
                 
    <bean id="transactionManager" class="org.springframework.orm.jpa.JpaTransactionManager">
        <property name="entityManagerFactory" ref="entityManagerFactory" />
    </bean>               
</beans>